texte,label
"Je transformerai chaque obstacle en une opportunité de croissance personnelle",déterminé
"Rien ne pourra m'empêcher d'atteindre le sommet de mon département",déterminé
"Je suis prêt à sacrifier mes nuits pour finir ce projet en temps voulu",déterminé
"Ma volonté est d'acier et je compte bien le prouver lors de cet examen",déterminé
"L'échec n'est qu'une information, je rebondirai jusqu'à la victoire finale",déterminé
"Je me donne corps et âme pour que cette bourse devienne une réalité",déterminé
"Chaque refus que je reçois ne fait que décupler mon envie de réussir",déterminé
"Je suivrai mon plan de carrière avec une discipline absolument rigoureuse",déterminé
"Je ne laisserai personne me dire que mes ambitions sont trop grandes",déterminé
"Je suis déterminé à devenir la meilleure version de moi-même dans ce domaine",déterminé
"Je vais travailler deux fois plus dur que n'importe quel autre candidat",déterminé
"Ma persévérance finira par payer, c'est une certitude mathématique",déterminé
"Je me lèverai à l'aube chaque jour pour avancer sur mes recherches",déterminé
"Je n'accepterai aucun compromis sur la qualité de mon dossier académique",déterminé
"Je franchirai la ligne d'arrivée, peu importe le temps que cela prendra",déterminé
"Mon engagement est total et je ne reculerai devant aucune difficulté",déterminé
"J'ai la rage de vaincre et je mettrai tout en œuvre pour réussir",déterminé
"Je dompterai les sujets les plus complexes pour obtenir cette mention",déterminé
"Mon focus est laser : je ne vois que mon objectif final et rien d'autre",déterminé
"Je suis résolu à marquer l'histoire de cette université par mes travaux",déterminé
"Je ne compte pas mes heures quand il s'agit d'atteindre l'excellence",déterminé
"Je braverai toutes les tempêtes pour mener ce projet à son terme",déterminé
"Ma détermination est le moteur qui me pousse à dépasser mes limites",déterminé
"Je transformerai mes faiblesses en forces grâce à un travail acharné",déterminé
"Je resterai debout même si le chemin devient de plus en plus escarpé",déterminé
"Je suis programmé pour réussir et je ne connais pas le bouton pause",déterminé
"Chaque goutte de sueur me rapproche un peu plus de mon rêve",déterminé
"Je ne suis pas venu ici pour participer, mais pour gagner cette bourse",déterminé
"Je ferai preuve d'une résilience absolue face aux critiques du jury",déterminé
"Je m'impose une rigueur quasi militaire dans mes révisions quotidiennes",déterminé
"Je suis l'architecte de mon destin et je bâtirai un empire académique",déterminé
"Je refuse de me contenter de la médiocrité, je vise uniquement l'élite",déterminé
"Ma soif de réussite est inextinguible et me pousse à l'action constante",déterminé
"Je ne demande pas de chance, je crée ma propre opportunité par le travail",déterminé
"Je resterai focalisé sur mes priorités jusqu'à l'obtention du résultat",déterminé
"Je suis un battant et je ne laisserai pas cette chance m'échapper",déterminé
"Je vais épuiser toutes les ressources disponibles pour parfaire mon dossier",déterminé
"Ma ténacité est mon plus grand atout dans cette compétition féroce",déterminé
"Je ne lâche jamais le morceau tant que la solution n'est pas trouvée",déterminé
"Je suis prêt à affronter n'importe quel défi pour valider mon année",déterminé
"Mon endurance psychologique me permet de tenir sur le très long terme",déterminé
"Je vais transformer ce 'non' potentiel en un 'oui' retentissant",déterminé
"Je suis investi à 200% dans la réussite de mon projet professionnel",déterminé
"Je ne crains pas l'effort, je le recherche pour me surpasser",déterminé
"Je suis une force de la nature quand j'ai un but précis en tête",déterminé
"Je ne ferai aucune pause tant que mon travail ne sera pas parfait",déterminé
"Je suis déterminé à briser le plafond de verre qui freine mon parcours",déterminé
"Je vais prouver au monde entier de quoi je suis capable avec cette bourse",déterminé
"Mon obsession pour la réussite est mon principal moteur au quotidien",déterminé
"Je resterai imperturbable face aux distractions pour finir mon mémoire",déterminé
"Je suis prêt à repartir de zéro s'il le faut pour enfin réussir",déterminé
"Ma motivation est blindée contre le doute et les échecs temporaires",déterminé
"Je vais conquérir ce domaine avec une détermination sans faille",déterminé
"Je ne cherche pas d'excuses, je ne cherche que des solutions concrètes",déterminé
"Je suis résolument tourné vers l'avenir avec une volonté de fer",déterminé
"Je ne laisserai pas mes erreurs passées définir ma réussite future",déterminé
"Je vais m'entraîner sans relâche jusqu'à maîtriser parfaitement ce sujet",déterminé
"Je suis un guerrier du savoir et je ne renoncerai devant aucun livre",déterminé
"Ma perspicacité et ma persévérance m'ouvriront toutes les portes",déterminé
"Je suis prêt à gravir chaque échelon de cette carrière avec force",déterminé
"Je ne recule jamais, je ne fais que prendre de l'élan pour sauter plus haut",déterminé
"Je vais marquer mon passage dans cette institution par ma ténacité",déterminé
"Je suis fermement décidé à obtenir ce financement pour mes recherches",déterminé
"Je ne perdrai pas de vue mon ambition première, quoi qu'il arrive",déterminé
"Je vais m'investir corps et âme pour honorer cette opportunité",déterminé
"Je suis doté d'une volonté inébranlable qui me mènera au succès",déterminé
"Je n'ai pas peur de la charge de travail, elle me stimule au contraire",déterminé
"Je vais repousser mes limites physiques et mentales pour ce diplôme",déterminé
"Je suis programmé pour la victoire et je refuse d'envisager autre chose",déterminé
"Je resterai constant dans mes efforts du premier au dernier jour",déterminé
"Je vais transformer ma vision en réalité grâce à une action déterminée",déterminé
"Je ne me laisserai pas distraire par les facilités de la vie étudiante",déterminé
"Je suis en mission pour réussir et rien ne pourra me détourner",déterminé
"Je vais me battre pour chaque point, chaque mention, chaque honneur",déterminé
"Ma résilience est ma boussole dans les moments de doute intense",déterminé
"Je suis prêt à endurer toutes les épreuves pour atteindre mon but",déterminé
"Je ne connais pas le mot 'impossible' quand il s'agit de mes études",déterminé
"Je vais forcer le destin s'il le faut pour obtenir cette place",déterminé
"Je suis le capitaine de mon projet et je le mènerai à bon port",déterminé
"Je vais démontrer une abnégation totale envers ma carrière future",déterminé
"Je resterai fidèle à mes objectifs malgré les pressions extérieures",déterminé
"Je vais bâtir ma réussite pierre après pierre avec patience et force",déterminé
"Je suis animé par un désir de réussite qui dépasse toutes mes peurs",déterminé
"Je ne faiblirai pas, même quand tout semblera s'écrouler autour de moi",déterminé
"Je vais exploiter chaque seconde de mon temps pour progresser",déterminé
"Je suis une machine de travail quand un objectif est clairement fixé",déterminé
"Je ne me reposerai que lorsque j'aurai mon diplôme en main",déterminé
"Je vais défier les statistiques pour faire partie des meilleurs",déterminé
"Je suis déterminé à laisser une empreinte indélébile dans ma promo",déterminé
"Je vais puiser dans mes ressources cachées pour vaincre ce défi",déterminé
"Je ne me plaindrai jamais, je me contenterai de travailler plus dur",déterminé
"Je suis prêt à tout pour que mes parents soient fiers de mon parcours",déterminé
"Je vais surmonter mes handicaps pour exceller dans ce milieu",déterminé
"Je suis résolu à ne jamais baisser les bras devant une difficulté",déterminé
"Je vais m'imposer un rythme soutenu pour finir major de promotion",déterminé
"Je suis déterminé à faire de cette bourse le moteur de ma vie",déterminé
"Je ne laisserai pas le découragement m'atteindre, je reste fort",déterminé
"Je vais mobiliser toute mon intelligence pour réussir cet examen",déterminé
"Je suis en quête d'excellence et je ne m'arrêterai pas en chemin",déterminé
"Je vais prouver que la détermination peut briser toutes les barrières",déterminé
"Je suis passionné par l'innovation et j'ai hâte de contribuer à ce secteur",motivé
"Cette bourse est pour moi l'opportunité rêvée de m'épanouir pleinement",motivé
"Chaque nouvelle lecture sur ce sujet me donne des frissons d'enthousiasme",motivé
"Je souhaite de tout cœur mettre mes talents au service de la collectivité",motivé
"Je suis animé par un désir profond d'apprendre et de me perfectionner",motivé
"Votre programme m'inspire énormément et correspond à mes valeurs",motivé
"Je rêve de pouvoir un jour enseigner cette matière qui me passionne",motivé
"Le simple fait d'imaginer mon futur diplôme me remplit de joie",motivé
"Je suis fasciné par les enjeux de ce domaine depuis mon plus jeune âge",motivé
"C'est une vocation pour moi, je ne me vois faire rien d'autre de ma vie",motivé
"Je suis impatient de collaborer avec des experts de votre renommée",motivé
"Cette opportunité représente le couronnement de mes aspirations personnelles",motivé
"Je veux changer les choses et ce cursus est le meilleur moyen d'y arriver",motivé
"L'envie de découvrir de nouveaux horizons me pousse à postuler chez vous",motivé
"Je suis totalement investi émotionnellement dans la réussite de ce projet",motivé
"Chaque cours est pour moi une chance incroyable de grandir intellectuellement",motivé
"Je suis motivé par l'impact positif que mes recherches pourraient avoir",motivé
"Mon enthousiasme pour la science ne cesse de croître au fil des années",motivé
"Je suis très excité à l'idée de relever les défis de cette formation",motivé
"Le partage de connaissances est ce qui me motive à me lever le matin",motivé
"Je suis porté par une curiosité intellectuelle qui ne demande qu'à s'exprimer",motivé
"Cette bourse permettrait de donner des ailes à mon ambition créative",motivé
"Je suis sincèrement admiratif du travail accompli par votre institution",motivé
"C'est avec une immense motivation que je soumets ma candidature aujourd'hui",motivé
"Je veux repousser les frontières de mes connaissances grâce à vous",motivé
"Le plaisir d'apprendre est ma principale source de motivation quotidienne",motivé
"Je suis attiré par l'excellence de votre cursus et son aspect innovant",motivé
"Apporter ma pierre à l'édifice est mon objectif ultime dans cette carrière",motivé
"Je suis plein d'énergie et prêt à m'investir totalement dans mes études",motivé
"Ma soif de savoir est le moteur de mon parcours académique actuel",motivé
"Je trouve une satisfaction immense dans la résolution de problèmes complexes",motivé
"Ce domaine m'apporte un équilibre et une stimulation intellectuelle rare",motivé
"Je suis très enthousiaste à l'idée de rejoindre une promo aussi dynamique",motivé
"Réussir ce projet est pour moi une question de réalisation personnelle",motivé
"Je suis captivé par les thématiques abordées dans votre programme",motivé
"Mon moteur, c'est l'envie de comprendre comment le monde fonctionne",motivé
"Je suis très attaché à l'idée de porter haut les couleurs de cette bourse",motivé
"La perspective de travailler sur ce sujet me donne une énergie incroyable",motivé
"Je suis prêt à m'engager à fond car ce domaine me tient vraiment à cœur",motivé
"C'est un honneur pour moi de postuler à ce financement prestigieux",motivé
"Je suis stimulé par l'exigence de ce parcours et j'ai hâte d'y être",motivé
"Ma passion pour l'art et l'histoire guide chacun de mes choix d'études",motivé
"Je veux devenir un expert reconnu pour aider mon pays à progresser",motivé
"Chaque conférence à laquelle j'assiste renforce mon envie de continuer",motivé
"Je suis mû par un idéalisme qui me pousse à chercher l'excellence",motivé
"C'est une chance inestimable que je compte savourer chaque jour",motivé
"Je suis ravi de pouvoir enfin concrétiser mes projets grâce à vous",motivé
"Mon envie de réussir est dictée par mon amour pour la découverte",motivé
"Je suis très inspiré par le parcours des anciens lauréats de cette bourse",motivé
"La recherche est pour moi une aventure passionnante que je veux vivre",motivé
"Je me sens investi d'une mission et je mettrai tout mon cœur à l'ouvrage",motivé
"L'idée de contribuer à un projet d'envergure internationale m'enchante",motivé
"Je suis motivé par le désir de rendre mes proches fiers de mon parcours",motivé
"Chaque étape de ce processus de sélection est un défi que j'adore",motivé
"Je suis attiré par la rigueur et la renommée de votre faculté",motivé
"Mon dévouement à cette cause est total et sans aucune réserve",motivé
"Je suis impatient de mettre en pratique les théories apprises en cours",motivé
"La soif de comprendre l'inconnu est ce qui me définit le mieux",motivé
"Je suis très motivé par l'aspect interdisciplinaire de cette formation",motivé
"Ce projet est le reflet de mes convictions les plus profondes",motivé
"Je ressens une véritable urgence d'apprendre et de me rendre utile",motivé
"Je suis émerveillé par les possibilités qu'offre ce nouveau domaine",motivé
"C'est une opportunité en or de transformer ma passion en métier",motivé
"Je suis très stimulé par la qualité des enseignements proposés ici",motivé
"Ma motivation est ancrée dans une volonté de dépassement permanent",motivé
"Je veux être à la hauteur de la confiance que vous pourriez me témoigner",motivé
"L'apprentissage continu est pour moi un véritable mode de vie",motivé
"Je suis impatient de pouvoir échanger avec des étudiants du monde entier",motivé
"Cette bourse est la clé qui ouvrira les portes de mon avenir",motivé
"Je suis animé par une force intérieure qui me pousse vers le haut",motivé
"Chaque succès académique me donne envie de viser encore plus haut",motivé
"Je suis tombé amoureux de cette discipline dès mon premier cours",motivé
"Mon dynamisme est ma plus grande force pour réussir ce projet",motivé
"Je suis très motivé par les perspectives d'évolution de cette carrière",motivé
"C'est un défi passionnant que je suis impatient de relever avec vous",motivé
"Je souhaite explorer toutes les facettes de ce métier fascinant",motivé
"Ma détermination est portée par un enthousiasme à toute épreuve",motivé
"Je suis prêt à m'investir sans compter pour atteindre mes objectifs",motivé
"La curiosité est le moteur de ma vie et la raison de ma candidature",motivé
"Je suis très attiré par les valeurs d'innovation portées par votre école",motivé
"Je veux faire de ma vie une suite de découvertes et d'apprentissages",motivé
"Cette bourse est une source de motivation supplémentaire pour briller",motivé
"Je suis ravi de voir que mon projet suscite de l'intérêt chez vous",motivé
"C'est avec une grande ferveur que je défends aujourd'hui mon dossier",motivé
"Je suis motivé par l'idée de laisser une trace positive dans mon domaine",motivé
"La soif de connaissances est mon unique boussole pour l'avenir",motivé
"Je suis impatient de commencer cette nouvelle étape de ma vie",motivé
"Votre vision de l'éducation résonne profondément avec mes aspirations",motivé
"Je suis prêt à donner le meilleur de moi-même pour réussir",motivé
"C'est la passion qui m'anime et qui me donne la force d'avancer",motivé
"Je suis très motivé par la dimension humaine de ce projet collectif",motivé
"Je veux apprendre des meilleurs pour devenir excellent à mon tour",motivé
"Chaque jour est une nouvelle occasion de prouver ma motivation",motivé
"Je suis fasciné par la complexité de ce sujet et je veux l'étudier",motivé
"C'est une opportunité unique que je ne raterai pour rien au monde",motivé
"Mon envie de progresser est la seule chose qui compte vraiment pour moi",motivé
"Je suis prêt à m'envoler vers de nouveaux défis intellectuels",motivé
"La motivation que je ressens est le fruit de plusieurs années de travail",motivé
"Je suis enthousiasmé par la perspective de travailler en équipe",motivé
"Je veux faire de ce projet une réussite éclatante et mémorable",motivé
"Je possède toutes les qualifications requises pour exceller dans ce programme",confiant
"Mes résultats de l'an dernier prouvent que je suis prêt pour l'étape supérieure",confiant
"Je maîtrise parfaitement les outils techniques nécessaires à ce projet",confiant
"Mon expérience sur le terrain me donne un avantage certain sur les autres",confiant
"Je sais exactement comment gérer les priorités pour réussir ce cursus",confiant
"Mes professeurs ont toujours souligné la qualité et la rigueur de mon travail",confiant
"Je suis serein face aux examens car ma préparation a été exemplaire",confiant
"Mon dossier académique est solide et reflète mon niveau réel",confiant
"J'ai déjà dirigé des équipes avec succès, je connais mes capacités de leader",confiant
"Je n'ai aucun doute sur le fait que mon profil correspond à vos attentes",confiant
"Ma capacité d'adaptation est un atout majeur que je maîtrise parfaitement",confiant
"Je suis convaincu que mes recherches apporteront une valeur ajoutée réelle",confiant
"J'ai une vision très claire de mon parcours et je sais où je vais",confiant
"Mes compétences linguistiques me permettent d'évoluer sans frein à l'international",confiant
"Je sais transformer les concepts théoriques en résultats concrets et rapides",confiant
"Je suis prêt à assumer les responsabilités que cette bourse implique",confiant
"Ma maturité me permet d'aborder les défis avec beaucoup de recul",confiant
"Je connais ma valeur et je sais ce que je peux apporter à votre institution",confiant
"Chaque projet que j'ai entrepris jusqu'ici a été couronné de succès",confiant
"Je suis tout à fait à l'aise avec les exigences de ce niveau d'études",confiant
"Mon esprit analytique me permet de résoudre les problèmes les plus complexes",confiant
"Je suis certain de pouvoir obtenir les meilleurs résultats de la promotion",confiant
"Ma méthodologie de travail est éprouvée et me permet d'être très efficace",confiant
"J'ai déjà prouvé ma résilience lors de mon précédent stage en entreprise",confiant
"Je me sens prêt à relever n'importe quel défi intellectuel avec succès",confiant
"Ma candidature s'appuie sur des faits concrets et des réussites vérifiables",confiant
"Je sais convaincre mes interlocuteurs grâce à une argumentation solide",confiant
"Je n'ai aucune difficulté à m'intégrer dans un nouvel environnement compétitif",confiant
"Mes notes en mathématiques démontrent ma capacité de raisonnement logique",confiant
"Je suis parfaitement préparé pour l'entretien, je connais mon sujet par cœur",confiant
"Je sais que je serai un excellent ambassadeur pour cette bourse",confiant
"Mon parcours est une suite logique de succès qui me mènent ici aujourd'hui",confiant
"Je dispose d'un réseau professionnel déjà bien établi dans ce secteur",confiant
"Ma rigueur est ma signature et elle garantit la qualité de mes rendus",confiant
"Je suis capable de vulgariser des sujets complexes avec une grande aisance",confiant
"Je sais rester calme et efficace même dans les situations de forte pression",confiant
"Mon sens de l'organisation est l'un de mes points forts les plus reconnus",confiant
"J'ai une confiance totale en mes capacités d'apprentissage rapide",confiant
"Je suis le candidat le plus qualifié pour mener à bien cette recherche spécifique",confiant
"Mes précédentes bourses d'excellence témoignent de mon sérieux constant",confiant
"Je sais que ma persévérance est la clé de mes futurs succès",confiant
"Je n'ai pas peur de la compétition, elle me permet de briller davantage",confiant
"Mes travaux ont déjà été cités par plusieurs experts du domaine",confiant
"Je suis capable de mener de front plusieurs projets avec une grande efficacité",confiant
"Je connais les rouages de ce secteur et je sais comment y réussir",confiant
"Ma confiance en moi est basée sur des années de pratique intensive",confiant
"Je suis prêt à devenir un expert de référence dans ma spécialité",confiant
"Je sais identifier les opportunités là où les autres voient des problèmes",confiant
"Ma curiosité est toujours récompensée par des résultats probants",confiant
"Je suis tout à fait capable de gérer un budget de recherche important",confiant
"Mon profil hybride est un atout rare que je sais mettre en avant",confiant
"Je sais que je possède le talent nécessaire pour transformer ce secteur",confiant
"Mes évaluations annuelles sont systématiquement au-dessus de la moyenne",confiant
"Je suis à l'aise avec la prise de parole devant un large public",confiant
"Ma capacité de travail me permet de traiter des volumes de données énormes",confiant
"Je sais que je mérite cette place au vu de mon investissement passé",confiant
"Je suis en mesure de proposer des solutions innovantes et viables",confiant
"Mon autonomie est totale, je sais piloter mon propre apprentissage",confiant
"Je suis fier de ce que j'ai accompli et je sais que ce n'est que le début",confiant
"Ma vision stratégique est un atout pour le développement de ce projet",confiant
"Je sais m'entourer des bonnes personnes pour garantir la réussite",confiant
"Je n'ai aucun stress car je sais que mon dossier est irréprochable",confiant
"Ma force de persuasion est un levier que je maîtrise avec subtilité",confiant
"Je suis tout à fait apte à suivre ce cursus dans une langue étrangère",confiant
"Je sais que mes compétences sont en parfaite adéquation avec vos besoins",confiant
"Mon sens critique me permet d'éviter les erreurs classiques de débutant",confiant
"Je suis prêt à apporter une contribution significative dès le premier jour",confiant
"Ma détermination est épaulée par une solide base de connaissances techniques",confiant
"Je sais que je peux compter sur ma logique pour surmonter les imprévus",confiant
"Mon parcours académique est sans faute et je compte bien continuer ainsi",confiant
"Je suis convaincu de l'originalité et de la pertinence de mon sujet",confiant
"Je sais mener des négociations complexes pour faire avancer mes idées",confiant
"Ma discipline personnelle me garantit une progression constante",confiant
"Je suis capable d'apporter un regard neuf et pertinent sur cette question",confiant
"Je connais mes limites et je sais comment les repousser intelligemment",confiant
"Ma confiance repose sur des fondations académiques extrêmement saines",confiant
"Je suis en mesure de relever les standards de ce programme d'études",confiant
"Je sais que mon dynamisme sera un moteur pour toute la promotion",confiant
"Ma capacité à synthétiser l'information est un gain de temps précieux",confiant
"Je suis sûr de ma méthode, elle a fonctionné pour tous mes examens",confiant
"Je sais que je saurai rentabiliser cet investissement académique",confiant
"Mon aisance relationnelle me permet de bâtir des partenariats solides",confiant
"Je suis prêt à franchir ce palier avec une assurance totale",confiant
"Je sais que mon intelligence émotionnelle est un atout pour le travail d'équipe",confiant
"Ma créativité est toujours canalisée par un grand sens pratique",confiant
"Je suis en mesure de produire un travail de niveau doctorat dès maintenant",confiant
"Je sais que ma motivation est soutenue par des capacités réelles",confiant
"Mon expertise dans ce logiciel est un avantage compétitif indéniable",confiant
"Je suis convaincu de la réussite de ce partenariat entre nous",confiant
"Je sais que je saurai gérer la pression inhérente à cette bourse",confiant
"Ma préparation mentale est aussi solide que ma préparation académique",confiant
"Je suis certain que mon projet sera sélectionné pour sa pertinence",confiant
"Je sais que j'ai le niveau requis pour intégrer votre établissement",confiant
"Ma faculté à apprendre de mes erreurs est ce qui me rend imbattable",confiant
"Je suis en mesure de démontrer l'efficacité de ma démarche scientifique",confiant
"Je sais que je saurai me démarquer par la qualité de mes analyses",confiant
"Mon assurance est le fruit d'un travail de longue haleine",confiant
"Je suis prêt à assumer un rôle de mentor pour les nouveaux étudiants",confiant
"Je sais que je peux atteindre les objectifs les plus ambitieux",confiant
"Ma confiance est le reflet de mon engagement sans faille",confiant
"Je n'arrive pas à chasser l'idée que je ne mérite pas vraiment d'être ici",anxieux
"J'ai la gorge nouée à chaque fois que je dois parler de mon projet",anxieux
"Et si le jury se rend compte que je ne suis pas aussi bon qu'il le pense ?",anxieux
"Je passe mes nuits à refaire l'entretien dans ma tête et c'est épuisant",anxieux
"La simple vue de la liste des autres candidats me fait perdre tous mes moyens",anxieux
"J'ai peur que mon parcours atypique soit perçu comme un manque de sérieux",anxieux
"Je me sens comme un imposteur au milieu de tous ces étudiants brillants",anxieux
"Le stress m'empêche de me concentrer sur mes révisions depuis une semaine",anxieux
"J'ai une peur panique de commettre une erreur irréparable dans mon dossier",anxieux
"Je crains que mes lacunes en langues ne gâchent toutes mes chances",anxieux
"La pression de réussir est telle que j'ai l'impression de suffoquer",anxieux
"J'ai peur de décevoir mes professeurs qui ont écrit mes lettres de recommandation",anxieux
"Chaque mail que je reçois me fait sursauter de peur que ce soit un refus",anxieux
"Je me demande si j'ai vraiment les capacités intellectuelles pour ce niveau",anxieux
"Le regard des autres sur ma candidature me paralyse complètement",anxieux
"J'ai peur d'oublier tout ce que j'ai préparé une fois devant les examinateurs",anxieux
"Je stresse énormément sur le fait de ne pas avoir assez d'expérience",anxieux
"L'incertitude sur mon avenir financier me plonge dans une angoisse profonde",anxieux
"J'ai l'impression que je vais gâcher cette chance unique par pure maladresse",anxieux
"Je me sens submergé par la quantité de travail et j'ai peur de craquer",anxieux
"Et si mon sujet de recherche n'était pas assez intéressant pour eux ?",anxieux
"Je redoute le moment où on me posera une question à laquelle je ne sais pas répondre",anxieux
"Ma confiance en moi est au plus bas depuis que j'ai commencé cette procédure",anxieux
"J'ai la sensation que tout le monde est mieux préparé que moi",anxieux
"Le silence de l'administration après mon dépôt de dossier m'angoisse",anxieux
"Je crains que mon origine sociale ne soit un frein pour mon intégration",anxieux
"J'ai peur de ne pas être à la hauteur des espoirs que mes parents placent en moi",anxieux
"Le moindre petit échec me fait douter de l'intégralité de mon projet",anxieux
"Je me sens très vulnérable face au jugement de ce comité de sélection",anxieux
"J'ai peur que ma timidité soit interprétée comme un manque de motivation",anxieux
"Je stresse à l'idée de ne pas finir mon dossier avant la date limite",anxieux
"L'idée de devoir déménager pour cette bourse me terrifie un peu",anxieux
"Je me demande si je n'ai pas visé trop haut avec cette candidature",anxieux
"J'ai souvent l'impression que je vais faire une crise de panique en plein oral",anxieux
"Le stress me rend irritable et j'ai peur que cela se voie pendant l'entretien",anxieux
"Je crains que mes notes de licence ne me poursuivent toute ma vie",anxieux
"J'ai peur d'être humilié si je ne suis pas retenu pour ce programme",anxieux
"La compétition est si féroce que je me sens déjà vaincu d'avance",anxieux
"Je redoute que mon état de santé ne soit un obstacle à ma réussite",anxieux
"J'ai peur de ne pas savoir gérer mon temps une fois sur place",anxieux
"Je me sens perdu face à toutes ces démarches administratives stressantes",anxieux
"Le doute s'installe dès que je compare mon CV avec celui des anciens lauréats",anxieux
"J'ai peur que ma lettre de motivation soit jugée trop banale ou ennuyeuse",anxieux
"Je stresse sur chaque détail, jusqu'à la police de caractère de mon CV",anxieux
"L'attente des résultats est une véritable torture psychologique pour moi",anxieux
"Je me demande si je suis assez résilient pour supporter la pression du cursus",anxieux
"J'ai peur de perdre mes moyens si le jury se montre un peu agressif",anxieux
"Le syndrome de l'imposteur ne me quitte plus depuis que j'ai postulé",anxieux
"Je crains de ne pas pouvoir m'adapter au rythme de vie de cette grande école",anxieux
"J'ai peur que mes difficultés financières ne m'empêchent d'étudier sereinement",anxieux
"Je me sens oppressé par les attentes de mes mentors",anxieux
"Et si je n'arrivais pas à me faire des amis dans cette nouvelle ville ?",anxieux
"J'ai peur que mon manque de réseau ne me desserve lors de la sélection",anxieux
"Le stress de l'échec me paralyse au point que je n'arrive plus à avancer",anxieux
"Je me demande si je suis vraiment fait pour les études longues",anxieux
"J'ai peur de regretter mes choix si je ne réussis pas du premier coup",anxieux
"Le regard de ma famille en cas d'échec est ma plus grande source d'angoisse",anxieux
"Je redoute d'être jugé sur mon apparence plutôt que sur mes idées",anxieux
"J'ai peur de ne pas être assez éloquent pour convaincre les décideurs",anxieux
"Je me sens fragile émotionnellement à l'approche de la date fatidique",anxieux
"L'idée de l'entretien me donne des maux d'estomac insupportables",anxieux
"Je crains que mon dossier ne soit même pas ouvert par les examinateurs",anxieux
"J'ai peur de faire une faute de français qui me discréditerait totalement",anxieux
"Je me sens seul face à cette montagne de stress et d'incertitude",anxieux
"Et si je découvrais trop tard que ce domaine n'est pas fait pour moi ?",anxieux
"J'ai peur que mes ambitions soient perçues comme de l'arrogance",anxieux
"Le moindre commentaire négatif me plonge dans un état de doute profond",anxieux
"Je stresse à l'idée de ne pas avoir le bon matériel pour mes études",anxieux
"J'ai peur que mon stress ne m'empêche de montrer ma vraie personnalité",anxieux
"Je me sens dépassé par les attentes technologiques de ce programme",anxieux
"Je crains de ne pas être assez créatif pour ce projet innovant",anxieux
"L'angoisse de la page blanche me guette à chaque fois que je rédige",anxieux
"J'ai peur de ne pas être assez rapide pour les épreuves chronométrées",anxieux
"Je me demande si je mérite vraiment tout ce temps que l'on m'accorde",anxieux
"Le stress de la compétition me fait perdre le goût de mes études",anxieux
"J'ai peur de passer pour quelqu'un qui manque de confiance en soi",anxieux
"L'idée de l'échec me hante jour et nuit sans répit",anxieux
"Je me sens mal à l'aise dès que je dois parler de mes points forts",anxieux
"J'ai peur de décevoir ceux qui m'ont aidé à financer mes premières années",anxieux
"Le climat de compétition dans cette école m'inquiète pour ma santé mentale",anxieux
"Je redoute que mon manque de culture générale ne soit flagrant",anxieux
"J'ai peur que mon projet soit jugé trop ambitieux et irréaliste",anxieux
"Je me sens bloqué par la peur de mal faire les choses",anxieux
"L'anxiété me fait perdre mes mots au moment le plus important",anxieux
"Je me demande si je pourrai supporter l'éloignement de mes proches",anxieux
"J'ai peur de paraître trop jeune ou trop inexpérimenté pour cette bourse",anxieux
"Le stress m'épuise physiquement avant même d'avoir commencé",anxieux
"Je crains de ne pas avoir le niveau d'anglais requis pour les cours",anxieux
"J'ai peur que mes résultats passés ne soient pas suffisants pour l'avenir",anxieux
"Le doute sur ma légitimité me ronge dès que je prends la parole",anxieux
"Je me sens sous pression constante pour prouver ma valeur",anxieux
"J'ai peur d'être celui qui n'y arrive pas alors que tous les autres réussissent",anxieux
"L'idée de devoir justifier mes choix devant un panel m'angoisse",anxieux
"Je crains de perdre ma bourse si je n'ai pas des notes excellentes partout",anxieux
"J'ai peur que ce projet ne soit que du vent et que je m'en rende compte trop tard",anxieux
"Le stress me fait oublier les informations les plus basiques",anxieux
"Je me sens très inquiet pour mon avenir si je rate cette opportunité",anxieux
"J'ai peur de ne pas être assez mature pour gérer une telle bourse",anxieux
"Le poids des responsabilités me fait peur avant même de les avoir",anxieux
"Je me sens anxieux à l'idée que tout puisse s'arrêter demain",anxieux
"Euh, je ne sais pas trop, peut-être que ce domaine me plaira sur le long terme",hésitant
"C'est un peu difficile à dire... je suppose que j'ai les compétences",hésitant
"Je me demande si je ne devrais pas plutôt faire une année de pause avant",hésitant
"On verra bien ce que ça donne, je n'ai pas vraiment de plan précis",hésitant
"Je pense que... enfin, j'imagine que cette bourse est une bonne chose",hésitant
"C'est possible que je change d'avis en cours de route, c'est mon genre",hésitant
"Je ne suis pas tout à fait convaincu par mon propre sujet de recherche",hésitant
"Hmm, c'est une question compliquée, je n'y ai pas vraiment réfléchi",hésitant
"Peut-être que oui, peut-être que non, tout dépend des opportunités",hésitant
"Je ne sais pas si je suis prêt à m'investir autant, je vais voir",hésitant
"Disons que c'est une option parmi d'autres dans ma liste actuelle",hésitant
"Je ne suis pas sûr de comprendre pourquoi j'ai choisi cette filière",hésitant
"C'est un peu flou dans ma tête, j'attends d'avoir plus d'informations",hésitant
"Euh... voilà quoi... j'espère que ça passera pour cette fois",hésitant
"Je suppose que je pourrais essayer, même si je ne suis pas motivé à 100%",hésitant
"Je me tâte encore à valider mon inscription définitivement",hésitant
"Ce n'est pas forcément ce que je voulais faire au départ, mais bon",hésitant
"Je ne sais pas si j'ai le profil type, c'est assez difficile à évaluer",hésitant
"Peut-être que je devrais demander l'avis de mes parents avant de décider",hésitant
"Je ne suis pas vraiment certain de l'utilité de ce diplôme pour moi",hésitant
"C'est un peu un pari, je ne sais pas du tout où ça va me mener",hésitant
"Euh, je crois que j'ai envoyé les bons documents, enfin je l'espère",hésitant
"Je ne sais pas trop comment me positionner par rapport à ce projet",hésitant
"C'est possible que je me sois trompé de voie, je me pose la question",hésitant
"Je ne suis pas sûr d'avoir bien saisi les enjeux de cette bourse",hésitant
"Hmm, je vais y réfléchir encore un peu avant de donner une réponse",hésitant
"Ce n'est pas très clair pour moi, tout ça reste assez théorique",hésitant
"Je suppose qu'il faut bien tenter sa chance de temps en temps",hésitant
"Je ne sais pas si j'ai vraiment envie de partir étudier à l'étranger",hésitant
"Euh, c'est-à-dire que... je n'ai pas encore de réponse définitive",hésitant
"Je me demande si ce n'est pas trop tard pour changer de sujet",hésitant
"Je ne suis pas convaincu que ce soit le meilleur moment pour postuler",hésitant
"C'est une idée comme une autre, je ne sais pas si elle est géniale",hésitant
"Peut-être que je pourrais faire les deux en même temps, ou pas",hésitant
"Je ne suis pas certain de pouvoir tenir le rythme, on verra bien",hésitant
"C'est assez flou, je navigue un peu à vue pour l'instant",hésitant
"Euh, je ne sais pas trop quoi dire sur mes motivations réelles",hésitant
"Je suppose que ça pourrait m'intéresser, si les conditions sont bonnes",hésitant
"Je ne suis pas sûr que mon dossier soit vraiment complet ou pertinent",hésitant
"C'est un peu par hasard que je me suis retrouvé à postuler ici",hésitant
"Je me demande si je ne devrais pas chercher un travail plutôt",hésitant
"Je ne suis pas totalement emballé, mais c'est une sécurité",hésitant
"Euh, je pense que j'ai un peu de temps pour me décider, non ?",hésitant
"Je ne sais pas si je suis capable de finir ce que j'ai commencé",hésitant
"C'est possible que je laisse tomber si c'est trop difficile",hésitant
"Je ne suis pas sûr de vouloir faire carrière dans ce domaine-là",hésitant
"Hmm, c'est embêtant, je ne sais pas quelle option choisir",hésitant
"Je suppose que c'est une étape nécessaire, même si c'est flou",hésitant
"Je ne sais pas si j'ai bien fait de choisir cette spécialité",hésitant
"Euh, voilà, c'est un peu tout ce que j'ai à dire pour le moment",hésitant
"Je me demande si je n'aurais pas dû postuler ailleurs",hésitant
"Je ne suis pas certain d'avoir compris les critères de sélection",hésitant
"C'est un projet qui demande réflexion, je ne suis pas pressé",hésitant
"Peut-être que je vais faire une pause et reprendre plus tard",hésitant
"Je ne suis pas sûr de ce qu'on attend vraiment de moi ici",hésitant
"Euh, c'est un peu compliqué à expliquer, c'est un sentiment",hésitant
"Je suppose que je vais suivre le mouvement et voir où ça mène",hésitant
"Je ne sais pas si je suis au bon endroit, j'ai des doutes",hésitant
"C'est possible que je n'aie pas bien calculé mon coup",hésitant
"Je ne suis pas convaincu par les débouchés de cette formation",hésitant
"Hmm, je ne sais pas si c'est vraiment ce que je veux faire",hésitant
"Je me demande si je ne perds pas mon temps avec ce dossier",hésitant
"Je ne suis pas sûr d'avoir la maturité nécessaire pour ce projet",hésitant
"Euh, je vais peut-être essayer, mais sans garantie de succès",hésitant
"Je suppose que c'est mieux que rien, enfin je crois",hésitant
"Je ne sais pas si je peux concilier mes loisirs et ces études",hésitant
"C'est un peu bizarre, je ne me sens pas vraiment concerné",hésitant
"Peut-être que je devrais revoir mes priorités avant d'avancer",hésitant
"Je ne suis pas certain d'aimer ce que je fais actuellement",hésitant
"Euh, c'est une bonne question, je vous redirai ça plus tard",hésitant
"Je me demande si je ne suis pas en train de faire une erreur",hésitant
"Je ne suis pas sûr de mon choix de sujet pour le mémoire",hésitant
"C'est possible que j'aie besoin d'un mentor pour m'aider à décider",hésitant
"Je ne suis pas convaincu que cette bourse soit faite pour moi",hésitant
"Hmm, c'est assez incertain comme situation, je trouve",hésitant
"Je suppose que je vais tenter le coup, on ne sait jamais",hésitant
"Je ne sais pas si j'ai le courage de passer cet entretien",hésitant
"Euh, je ne sais pas trop si c'est le bon profil pour vous",hésitant
"Je me demande si je ne devrais pas recommencer à zéro ailleurs",hésitant
"Je ne suis pas sûr d'être à la hauteur de vos espérances",hésitant
"C'est un peu ambigu comme projet, je l'avoue",hésitant
"Peut-être que je vais juste voir comment ça se passe au début",hésitant
"Je ne suis pas certain d'avoir la motivation nécessaire demain",hésitant
"Euh, je pense que je vais attendre un peu avant de m'engager",hésitant
"Je suppose que je pourrais m'adapter, si c'est indispensable",hésitant
"Je ne sais pas si je suis vraiment passionné par ce métier",hésitant
"C'est possible que je change d'avis après le premier semestre",hésitant
"Je ne suis pas convaincu par l'intérêt de cette recherche",hésitant
"Hmm, je ne sais pas si j'ai bien résumé ma situation",hésitant
"Je me demande si je n'ai pas fait ce choix par défaut",hésitant
"Je ne suis pas sûr de savoir vers quoi je me dirige vraiment",hésitant
"Euh, c'est-à-dire que... je n'ai pas encore tout calé",hésitant
"Je suppose que c'est une expérience à vivre, sans plus",hésitant
"Je ne sais pas si je suis la meilleure personne pour ce poste",hésitant
"C'est un peu vague tout ça, j'aimerais plus de précisions",hésitant
"Peut-être que je vais demander un report de ma candidature",hésitant
"Je ne suis pas certain de vouloir assumer ces responsabilités",hésitant
"Euh, je ne sais pas trop comment finir cette phrase, en fait",hésitant
"Je me demande si je ne suis pas un peu trop jeune pour ça",hésitant
"Je ne suis pas sûr de la direction que prend mon parcours",hésitant